1,date,"10 April, 2003,13 April, 2003,",document,"fbi5,fbi4,",0.00679423521207208700
2,date,"22 April, 2003,20 April, 2003,",document,"fbi18,cia6,",0.02124576620783545600
3,document,"fbi2,cia4,",location,"Virginia,US,",0.41332096658848083000
4,document,"se3,fbi20,fbi19,fbi15,fbi11,",location,"Virginia,Charlottesville,",0.12871686459012616000
5,document,"cia6,cia4,cia11,",location,"US,Afghanistan,",0.03888660621401002000
6,document,"se3,fbi2,",location,"Virginia,Amsterdam,",0.01151042442905262000
7,document,"fbi21,fbi2,",location,"Amsterdam,US,",0.03486199103969126000
8,document,"se3,se2,fbi13,fbi10,",location,"Queens,New York City,",0.01238884479663409700
9,document,"se3,fbi20,fbi17,cia4,",location,"Richmond,Virginia,",0.06990992087073793000
10,document,"se3,fbi20,",location,"Richmond,Virginia,Charlottesville,",0.08608239467809482000
11,document,"se2,fbi13,fbi10,",location,"Queens,New York City,Myrtle Ave,",0.00012938184490372438
12,document,"fbi25,fbi16,",location,"North Bergen,New Jersey,",0.00395207225020810260
13,document,"se1,fbi8,fbi5,",location,"Texas,Houston,",0.00000000000000000000
14,document,"fbi7,fbi24,fbi20,",location,"Virginia,Keswick,",0.00041489723628411473
15,document,"fbi2,cia7,cia6,",location,"Germany,Hamburg,",0.01728076156343486700
16,document,"fbi2,cia6,",location,"US,Germany,Hamburg,",0.00381747417632634700
17,document,"fbi2,fbi15,fbi1,",location,"Virginia,Springfield,",0.00757892997568479600
18,document,"fbi4,fbi18,cia3,",location,"Denver,Colorado,",0.00595264749471148800
19,document,"fbi4,fbi18,",location,"Denver,Colorado,Camp George West Military Reservation,",0.04757356850130866500
20,document,"fbi17,cia4,",location,"Richmond,Virginia,Capitol Ave.,",0.01416527224122108100
21,document,"fbi2,fbi1,",location,"Virginia,Springfield,Egypt,",0.00662553728136892550
22,document,"fbi1,cia4,",location,"Virginia,United Arab Emirates,",0.05985227453510721000
23,document,"fbi13,fbi10,",location,"Queens,New York City,Myrtle Ave,Manhattan,",0.04633522779393930000
24,document,"fbi22,cia4,",location,"Afghanistan,Sudan,",0.03320962730820148400
25,document,"fbi18,cia3,",location,"Denver,Colorado,Coal Mine Road,",0.02406615525502721000
26,document,"cia7,cia4,cia10,",organization,"CIA,Al Qaeda,",0.04235181815168352000
27,document,"fbi17,fbi11,",organization,"Sprint,FBI,",0.00468099454830033600
28,document,"fbi8,fbi11,",organization,"FBI,INS,",0.00388538774768523240
29,document,"fbi5,fbi14,",organization,"FBI,American Airlines,",0.00173845963727562000
30,document,"fbi16,fbi15,",organization,"FBI,First Union Bank,",0.01420110600282001100
31,document,"fbi13,fbi10,",organization,"FBI,Empire State Vending Services,",0.03115971352354716300
32,document,"fbi12,fbi10,",organization,"FBI,New York Stock Exchange,",0.01732006733294095400
33,document,"fbi24,fbi20,",organization,"FBI,Budget Storage Units,",0.00143947107394752700
34,document,"cia6,cia11,",organization,"CIA,Taliban,",0.00285367402302201360
35,document,"fbi19,fbi11,",person,"Mukhtar Galab,Yasein Mosed,",0.01371623228287093700
36,document,"cia9,cia8,",person,"Tawfiq al Adel,Saeed Khallad,",0.00082128252053158600
37,document,"se5,se4,se3,",phone,"703-659-2317,804-774-8920,",0.00183615088030932840
38,document,"se4,se3,",phone,"01 1207670734,703-659-2317,718-352-8479,804-759-6302,804-774-8920,",0.05771691126201946400
39,date,"27 April, 2003,26 April, 2003,22 April, 2003,20 April, 2003,14 April, 2003,25 April, 2003,5 April, 2003,12 Feb. 1997,1994,",location,"Virginia,US,",0.02141990133754236400
40,date,"27 April, 2003,22 April, 2003,20 April, 2003,14 April, 2003,1994,March, 1993,1990 - 1992,1987 - 1993,",location,"US,Afghanistan,",0.00670755604719246900
41,date,"27 April, 2003,22 April, 2003,20 April, 2003,14 April, 2003,1994,",location,"Virginia,US,Afghanistan,",0.02528426650450917000
42,date,"27 April, 2003,21 April, 2003,20 April, 2003,",location,"Virginia,New York City,",0.08499617973438221000
43,date,"26 April, 2003,21 April, 2003,25 April, 2003,5 April, 2003,12 Feb. 1997,23 April, 2003,",location,"Virginia,Amsterdam,",0.00928112304325774000
44,date,"26 April, 2003,25 April, 2003,29 April, 1930,29 April, 1930hrs,5 April, 2003,12 Feb. 1997,",location,"Amsterdam,US,",0.05335620739380099000
45,date,"26 April, 2003,25 April, 2003,5 April, 2003,12 Feb. 1997,",location,"Virginia,Amsterdam,US,",0.01075857953816578200
46,date,"30 March, 2003,10 April, 2003,6 April, 2003,16 April, 2003,15 April, 2003,14 April, 2003,13 April, 2003,",location,"Texas,Houston,",0.01932241088229683800
47,date,"10 April, 2003,15 April, 2003,14 April, 2003,13 April, 2003,",location,"Virginia,Texas,Houston,",0.05500453632984696000
48,date,"6 April, 2003,14 April, 2003,",location,"Texas,Houston,US,",0.01092265497860254300
49,date,"26 April, 2003,21 April, 2003,20 April, 2003,10 April, 2003,25 April, 2003,23 April, 2003,29 April, 2003,18 April, 2003,",location,"Virginia,Charlottesville,",0.02220339475978968000
50,date,"26 April, 2003,20 April, 2003,25 April, 2003,",location,"Virginia,Charlottesville,US,",0.01312835973552054300
51,date,"26 April, 2003,21 April, 2003,25 April, 2003,23 April, 2003,",location,"Virginia,Amsterdam,Charlottesville,",0.01821794639049268000
52,date,"27 April, 2003,22 April, 2003,21 April, 2003,",location,"The Netherlands,Virginia,",0.03499862476366911000
53,date,"27 April, 2003,22 April, 2003,January 1996,1996,",location,"The Netherlands,Afghanistan,",0.17663508410631082000
54,date,"27 April, 2003,21 April, 2003,",location,"The Netherlands,Virginia,New York City,",0.07559382680760982000
55,date,"22 April, 2003,20 April, 2003,10 April, 2003,13 April, 2003,25 April, 2003,12 April, 2003,8 April, 2002,",location,"Denver,Colorado,",0.17626987280243694000
56,date,"22 April, 2003,20 April, 2003,5 April, 2003,12 Feb. 1997,April 20, 2003,April 21, 2003,",location,"Germany,Hamburg,",0.00226381813026521350
57,date,"22 April, 2003,20 April, 2003,5 April, 2003,12 Feb. 1997,",location,"Virginia,US,Germany,Hamburg,",0.01140262307260116400
58,date,"21 April, 2003,20 April, 2003,April 25, 2003,April 18, 2003,2 December, 2001,I2 December, 20011,",location,"Queens,New York City,",0.04484678172346637000
59,date,"21 April, 2003,20 April, 2003,",location,"Virginia,Queens,New York City,Charlottesville,",0.02292557444656769300
60,date,"20 April, 2003,April 25, 2003,April 18, 2003,2 December, 2001,I2 December, 20011,",location,"Queens,New York City,Myrtle Ave,",0.06818236656152384000
61,date,"6 April, 2003,8 April, 2003,7 April, 2003,25 April, 2003,",location,"US,Los Angeles,",0.00176648113991550220
62,date,"27 April, 2003,20 April, 2003,April 25, 2003,",location,"New York City,North Bergen,",0.09311754606660931000
63,date,"20 April, 2003,April 25, 2003,",location,"Queens,New York City,Myrtle Ave,North Bergen,",0.05411721563566475000
64,date,"10 April, 2003,25 April, 2003,23 April, 2003,29 April, 2003,",location,"Virginia,Charlottesville,Georgia,",0.05612392705449411500
65,date,"6 April, 2003,25 April, 2003,23 April, 2003,29 April, 2003,",location,"Georgia,Los Angeles,",0.04005289890513938000
66,date,"6 April, 2003,25 April, 2003,",location,"Georgia,US,Los Angeles,",0.04603774109369080500
67,date,"26 April, 2003,22 April, 2003,21 April, 2003,10 April, 2003,14 April, 2003,1994,",location,"Richmond,Virginia,",0.04755123448278557000
68,date,"26 April, 2003,22 April, 2003,14 April, 2003,1994,",location,"Richmond,Virginia,US,",0.02746839412888694300
69,date,"10 April, 2003,14 April, 2003,",location,"Richmond,Virginia,Texas,Houston,",0.01877837546986864700
70,date,"26 April, 2003,21 April, 2003,10 April, 2003,",location,"Richmond,Virginia,Charlottesville,",0.00817884213728377800
71,date,"26 April, 2003,21 April, 2003,",location,"Richmond,Virginia,Amsterdam,Charlottesville,",0.00814114180411039400
72,date,"22 April, 2003,21 April, 2003,",location,"The Netherlands,Richmond,Virginia,",0.02557170400364239000
73,date,"27 April, 2003,22 April, 2003,20 April, 2003,16 April, 2003,April 26, 2003,",location,"North Bergen,New Jersey,",0.02135394591030459800
74,date,"27 April, 2003,22 April, 2003,20 April, 2003,",location,"Virginia,North Bergen,US,New Jersey,Afghanistan,",0.01611139872864618400
75,date,"27 April, 2003,20 April, 2003,",location,"Virginia,New York City,North Bergen,US,New Jersey,Afghanistan,",0.03221553200823193000
76,date,"27 April, 2003,22 April, 2003,",location,"The Netherlands,Virginia,North Bergen,US,New Jersey,Afghanistan,",0.01571050450917897300
77,date,"15 April, 2003,14 April, 2003,1 April, 2003,",location,"Virginia,Paris,",0.03049574126382481600
78,date,"14 April, 2003,12 April, 2003,8 April, 2002,",location,"Paris,US,",0.00781458448859890400
79,date,"30 March, 2003,15 April, 2003,14 April, 2003,",location,"Texas,Houston,Paris,",0.13599308338845362000
80,date,"22 April, 2003,20 April, 2003,25 April, 2003,12 April, 2003,8 April, 2002,",location,"Denver,Colorado,US,Coal Mine Road,",0.02117546431909066000
81,date,"27 April, 2003,26 April, 2003,10 April, 2003,15 April, 2003,11 April, 2003,",location,"Virginia,Keswick,",0.02305165339583767000
82,date,"27 April, 2003,26 April, 2003,",location,"Virginia,Keswick,US,",0.00781298505875578100
83,date,"10 April, 2003,15 April, 2003,",location,"Virginia,Texas,Houston,Keswick,",0.00978025162923920300
84,date,"22 April, 2003,23 April, 2003,",location,"Virginia,Haarlem,",0.01551691848069578800
85,date,"22 April, 2003,20 April, 2003,10 April, 2003,13 April, 2003,25 April, 2003,",location,"Virginia,Denver,Colorado,Camp George West Military Reservation,",0.08773116895791698000
86,date,"20 April, 2003,10 April, 2003,25 April, 2003,",location,"Virginia,Charlottesville,Denver,Colorado,Camp George West Military Reservation,",0.10579218174197065000
87,date,"10 April, 2003,25 April, 2003,",location,"Virginia,Charlottesville,Georgia,Denver,Colorado,Camp George West Military Reservation,",0.01177333905743222800
88,date,"22 April, 2003,10 April, 2003,",location,"Richmond,Virginia,Denver,Colorado,Camp George West Military Reservation,",0.38855705744286640000
89,date,"16 April, 2003,15 April, 2003,14 April, 2003,",location,"Texas,Houston,Washington,",0.01401554226499176900
90,date,"20 April, 2003,5 April, 2003,12 Feb. 1997,1 April, 2003,",location,"Virginia,Springfield,",0.02210547428355853400
91,date,"20 April, 2003,5 April, 2003,12 Feb. 1997,",location,"Virginia,US,Germany,Hamburg,Springfield,",0.04602968101853836000
92,date,"26 April, 2003,25 April, 2003,29 April, 1930,29 April, 1930hrs,",location,"Amsterdam,US,Boston,",0.02169094823887793300
93,date,"26 April, 2003,25 April, 2003,",location,"Virginia,Amsterdam,Charlottesville,US,Boston,",0.09686233343814268000
94,date,"20 April, 2003,April 18, 2003,2 December, 2001,I2 December, 20011,",location,"Queens,New York City,Myrtle Ave,Manhattan,",0.06699391171275657000
95,date,"30 March, 2003,10 April, 2003,6 April, 2003,",location,"Georgia,Texas,Houston,Columbus,Little York Rd.,St. Mary's Road,",0.01082030997982926800
96,date,"10 April, 2003,16 April, 2003,13 April, 2003,",location,"Texas,Houston,El Paso,Hudspeth County,Rio Grande,McNary,McRae Blvd,",0.00822469958565453600
97,date,"10 April, 2003,13 April, 2003,",location,"Virginia,Texas,Houston,El Paso,Hudspeth County,Rio Grande,McNary,McRae Blvd,Denver,Colorado,Camp George West Military Reservation,",0.00719636132007899900
98,date,"6 April, 2003,8 April, 2003,7 April, 2003,",location,"US,Los Angeles,Culver City,California,San Gabriel,Greenlawn Ave.,Imperial Highway,City Park,El Segundo,LAX,Sheldon St.,Hubbard St.,",0.00076726395264516540
99,date,"27 April, 2003,April 26, 2003,",location,"North Bergen,New Jersey,Canada,",0.00231230479009662420
100,date,"27 April, 2003,14 April, 2003,1994,",location,"Virginia,US,Afghanistan,Sudan,",0.00425788308558845400
101,date,"5 April, 2003,12 Feb. 1997,1 April, 2003,",location,"Virginia,Springfield,Egypt,",0.02850018882462347600
102,date,"25 April, 2003,23 April, 2003,29 April, 2003,",location,"Virginia,Charlottesville,Georgia,Los Angeles,Atlanta,New Orleans,",0.05844598395831971000
103,date,"25 April, 2003,23 April, 2003,",location,"Virginia,Amsterdam,Charlottesville,Georgia,Los Angeles,Atlanta,New Orleans,",0.08354985633259351000
104,date,"22 April, 2003,20 April, 2003,25 April, 2003,",location,"Virginia,Denver,Colorado,Camp George West Military Reservation,US,Coal Mine Road,Colfax Avenue,",0.02255034220896060300
105,date,"20 April, 2003,25 April, 2003,",location,"Virginia,Charlottesville,Denver,Colorado,Camp George West Military Reservation,US,Coal Mine Road,Colfax Avenue,",0.00963555858457463800
106,date,"22 April, 2003,14 April, 2003,1994,",location,"Richmond,Virginia,US,Afghanistan,Capitol Ave.,",0.09542513568945347000
107,date,"April 18, 2003,2 December, 2001,I2 December, 20011,",location,"Queens,New York City,Myrtle Ave,Manhattan,Webster Ave.,Bronx,New York,",0.01304363763357825800
108,date,"14 April, 2003,1 April, 2003,1994,",location,"Virginia,United Arab Emirates,",0.08861248290781053000
109,date,"14 April, 2003,1 April, 2003,",location,"Virginia,Paris,United Arab Emirates,",0.04810581475014845400
110,date,"14 April, 2003,1994,",location,"Richmond,Virginia,US,Afghanistan,Sudan,Capitol Ave.,United Arab Emirates,Guantanamo,",0.00144835095376345860
111,date,"22 April, 2003,April 20, 2003,April 21, 2003,",location,"The Netherlands,Germany,Hamburg,Haarlem,Europe,",0.00622410281291985600
112,date,"9 April, 2003,April 2003,March of 2003,",location,"Guantanamo,Cuba,",0.00000000000000000000
113,date,"27 April, 2003,January 1996,1996,",location,"The Netherlands,Afghanistan,Kandahar,",0.03601667300842799000
114,date,"15 April, 2003,14 April, 2003,",location,"Virginia,Texas,Houston,Washington,Paris,France,",0.03193583762590755000
115,date,"22 April, 2003,16 April, 2003,",location,"North Bergen,New Jersey,Springfield VA,",0.06514752002749853000
116,date,"26 April, 2003,10 April, 2003,",location,"Richmond,Virginia,Charlottesville,Keswick,University Drive,",0.00384837031013035700
117,date,"15 April, 2003,13 April, 2003,",location,"Virginia,Texas,Houston,Lee Highway,Merrifield,",0.00045334808774301840
118,date,"12 April, 2003,8 April, 2002,",location,"Paris,Denver,Colorado,US,Coal Mine Road,Marshall Avenue,Minneapolis,Minnesota,Laurel Avenue,Bowling Green,Kentucky,Rue St. Sebastien,",0.00826762987481942000
119,date,"5 April, 2003,12 Feb. 1997,",location,"Virginia,Amsterdam,US,Germany,Hamburg,Springfield,Egypt,Dulles Airport,Washington DC,Cairo,Wash. DC,Floyd Ave.,",0.00477399686935847500
120,date,"16 April, 2003,15 April, 2003,",location,"Texas,Houston,Washington,Seattle,Howell St.,Alder St,",0.00456501981009741900
121,date,"24 April, 2003,23 April, 2003,",location,"Amsterdam,Haarlem,Lublin,Poland,",0.00738868234296829300
122,date,"30 March, 2003,1 April, 2003,",location,"Paris,St. Mary 's Terrace,Paddington,London,Miami,",0.01440392996967583700
123,date,"22 April, 2003,20 April, 2003,",location,"Virginia,North Bergen,Denver,Colorado,Camp George West Military Reservation,US,New Jersey,Afghanistan,Germany,Hamburg,Coal Mine Road,Colfax Avenue,Bremerhaven,Trenton Avenue,Trenton,Rhinelander Platz.,",0.02291866151254980800
124,date,"22 April, 2003,24 April, 2003,",misc,"Arabic,Dutch,",0.17064614728231678000
125,date,"27 April, 2003,26 April, 2003,",misc,"Arabic,Holland Queen,",0.03900571675312287000
126,date,"27 April, 2003,March, 1993,1990 - 1992,1987 - 1993,",misc,"Pakistani,Indian,",0.00518072474056694900
127,date,"27 April, 2003,January 1996,1996,",misc,"Holland Queen,Yemeni,",0.00955388461526344500
128,date,"10 April, 2003,16 April, 2003,13 April, 2003,",misc,"Mexicans,Spanish,",0.01536814137395684300
129,date,"16 April, 2003,13 April, 2003,",misc,"Middle Eastern,Mexicans,Spanish,",0.00619300135878336400
130,date,"24 April, 2003,23 April, 2003,",misc,"Dutch,Saudi,",0.01493044197399824600
131,date,"27 April, 2003,24 April, 2003,",misc,"Arabic,Saudi,",0.07000865378377540000
132,date,"22 April, 2003,20 April, 2003,",misc,"1070173749003,Stinger,",0.06484976207310926000
133,date,"10 April, 2003,13 April, 2003,",misc,"Mexicans,Spanish,Social Security,",0.00000000000000000000
134,date,"30 March, 2003,1 April, 2003,",misc,"Moslem,Pentaerythritol,Triacetone Triperoxide,",0.01420345032174655600
135,date,"12 April, 2003,8 April, 2002,",misc,"CIA,French,Egyptian,British,",0.00000000000000000000
136,date,"27 April, 2003,22 April, 2003,20 April, 2003,14 April, 2003,25 April, 2003,23 April, 2003,1 April, 2003,",organization,"FBI,CIA,",0.84466516340273490000
137,date,"27 April, 2003,22 April, 2003,14 April, 2003,April 20, 2003,April 21, 2003,1994,January 1996,1996,",organization,"CIA,Al Qaeda,",0.16695191064997640000
138,date,"27 April, 2003,22 April, 2003,14 April, 2003,",organization,"FBI,CIA,Al Qaeda,",0.81453972252923870000
139,date,"27 April, 2003,22 April, 2003,20 April, 2003,March, 1993,1990 - 1992,1987 - 1993,",organization,"CIA,Taliban,",0.43355768878101510000
140,date,"27 April, 2003,22 April, 2003,20 April, 2003,",organization,"FBI,CIA,Taliban,",0.06212873039345647000
141,date,"27 April, 2003,22 April, 2003,",organization,"FBI,CIA,Al Qaeda,Taliban,",0.14302315436550359000
142,date,"20 April, 2003,10 April, 2003,16 April, 2003,13 April, 2003,1 April, 2003,",organization,"FBI,American Airlines,",0.04824815528791102000
143,date,"20 April, 2003,30 March, 2003,1 April, 2003,",organization,"American Airlines,CIA,",0.09642384612291756000
144,date,"20 April, 2003,1 April, 2003,",organization,"FBI,American Airlines,CIA,",0.03068742722138728000
145,date,"15 April, 2003,14 April, 2003,18 April, 2003,",organization,"FBI,INS,",0.05997934457672807000
146,date,"14 April, 2003,1994,",organization,"INS,CIA,Al Qaeda,",0.00899590957385327900
147,date,"22 April, 2003,10 April, 2003,6 April, 2003,18 April, 2003,",organization,"Sprint,FBI,",0.12478526510100352000
148,date,"22 April, 2003,30 March, 2003,",organization,"Sprint,CIA,",0.12982392555487987000
149,date,"30 March, 2003,10 April, 2003,",organization,"Sprint,American Airlines,",0.04034730064650260000
150,date,"26 April, 2003,25 April, 2003,29 April, 1930,29 April, 1930hrs,",organization,"FBI,Coast Guard,",0.01605076398783736700
151,date,"20 April, 2003,April 18, 2003,2 December, 2001,I2 December, 20011,",organization,"FBI,Empire State Vending Services,",0.13129498646333207000
152,date,"19 April, 2003,April 18, 2003,2 December, 2001,I2 December, 20011,",organization,"FBI,New York Stock Exchange,",0.03504405747221126000
153,date,"10 April, 2003,16 April, 2003,13 April, 2003,",organization,"FBI,American Airlines,Border Patrol,University of Texas,",0.02109179835510142000
154,date,"22 April, 2003,20 April, 2003,16 April, 2003,",organization,"FBI,First Union Bank,",0.01761529366565753000
155,date,"20 April, 2003,16 April, 2003,",organization,"FBI,American Airlines,First Union Bank,",0.02917921336534663700
156,date,"22 April, 2003,20 April, 2003,25 April, 2003,",organization,"FBI,U-haul,CIA,",0.01574518378434052600
157,date,"6 April, 2003,8 April, 2003,7 April, 2003,",organization,"FBI,Ryder Truck Rental,",0.00376244538568168160
158,date,"27 April, 2003,26 April, 2003,10 April, 2003,",organization,"FBI,Budget Storage Units,",0.08016860918871335000
159,date,"25 April, 2003,23 April, 2003,29 April, 2003,",organization,"FBI,AMTRAK,Penn Station NYC,",0.05413545803087898400
160,date,"25 April, 2003,23 April, 2003,",organization,"FBI,AMTRAK,Penn Station NYC,CIA,",0.09423235417763982000
161,date,"April 18, 2003,2 December, 2001,I2 December, 20011,",organization,"FBI,Empire State Vending Services,New York Stock Exchange,City Computer Services Corp.,Clark & Co,Office Supplies Co.,",0.00000000000000000000
162,date,"16 April, 2003,15 April, 2003,",organization,"FBI,US Post Office,",0.00949879292477623400
163,date,"15 April, 2003,14 April, 2003,",organization,"FBI,INS,Bush Intercontinental Airport,Continental Airlines,Reagan National Airport,",0.00583295427105612500
164,date,"15 April, 2003,11 April, 2003,",organization,"FBI,The Powhatan Company,",0.00099493943626040720
165,date,"15 April, 2003,13 April, 2003,",organization,"FBI,Pentagon,Home Depot,",0.00391102406550199800
166,date,"10 April, 2003,13 April, 2003,",organization,"FBI,American Airlines,Border Patrol,University of Texas,Apex Paper Products Company,Aryan Nations,Army CID,",0.00868777439449138600
167,date,"5 April, 2003,12 Feb. 1997,",organization,"FBI,Passport Agency,",0.00564868382873568200
168,date,"24 April, 2003,23 April, 2003,",organization,"CIA,Sealink Container Corp.,",0.01150420808692670400
169,date,"22 April, 2003,20 April, 2003,",organization,"FBI,U-haul,First Union Bank,CIA,Taliban,Marvel Corporation,German Intelligence,",0.22477041728007457000
170,date,"30 March, 2003,1 April, 2003,",organization,"American Airlines,CIA,British Special Branch,M15,",0.00635046253623529300
171,date,"22 April, 2003,25 April, 2003,23 April, 2003,",person,"Faysal Goba,Tawfiq al Adel,",0.02629938819067872600
172,date,"27 April, 2003,22 April, 2003,20 April, 2003,16 April, 2003,",person,"Hani al Hallak,Abdul Ramazi,",0.03307826293098574000
173,date,"27 April, 2003,20 April, 2003,March, 1993,1990 - 1992,1987 - 1993,",person,"Bagwant Dhaliwal,Abdul Ramazi,",0.42857079617755860000
174,date,"21 April, 2003,20 April, 2003,",person,"Bagwant Dhaliwal,Mukhtar Galab,",0.09161624506200974000
175,date,"27 April, 2003,20 April, 2003,",person,"Bagwant Dhaliwal,Hani al Hallak,Abdul Ramazi,",0.09079058199716171000
176,date,"22 April, 2003,25 April, 2003,",person,"Faysal Goba,Masood Yaser,Tawfiq al Adel,",0.11181967621348247000
177,date,"20 April, 2003,25 April, 2003,",person,"Mukhtar Galab,Masood Yaser,",0.05011365700264878000
178,date,"22 April, 2003,20 April, 2003,",person,"Hani al Hallak,Abdul Ramazi,Masood Yaser,",0.04222691032247120000
179,date,"27 April, 2003,January 1996,1996,",person,"Hans Pakes,Abu al Masri,",0.03868601244407371400
180,date,"27 April, 2003,21 April, 2003,",person,"Hans Pakes,Bagwant Dhaliwal,",0.01297120891062068800
181,date,"25 April, 2003,23 April, 2003,29 April, 2003,18 April, 2003,",person,"Mukhtar Galab,Yasein Mosed,",0.01516374851248256000
182,date,"25 April, 2003,23 April, 2003,29 April, 2003,",person,"Mukhtar Galab,Faysal Goba,Yasein Mosed,",0.01327721630053622000
183,date,"27 April, 2003,March, 1993,1990 - 1992,1987 - 1993,",person,"Bagwant Dhaliwal,Abdul Ramazi,Sahim Albakri,Muhammed bin Harazi,",0.02929638928155326200
184,date,"22 April, 2003,April 20, 2003,April 21, 2003,",person,"Tawfiq al Adel,Saeed Khaliad,",0.00167997687506778440
185,date,"30 March, 2003,10 April, 2003,6 April, 2003,",person,"Jamal Kalifa,Ralph Goode,",0.00076079748631713110
186,date,"10 April, 2003,16 April, 2003,13 April, 2003,",person,"Vincent Cortez,Arnaldo Gueterrez,Ben Hassine,Ahmed Yassin,",0.00000000000000000000
187,date,"April 18, 2003,2 December, 2001,I2 December, 20011,",person,"Mark Davis,Shiela Watson,Steven Clark,",0.00000000000000000000
188,date,"24 April, 2003,25 April, 2003,23 April, 2003,",person,"Tawfiq al Adel,Saeed Khallad,",0.01190454151833330300
189,date,"25 April, 2003,23 April, 2003,",person,"Mukhtar Galab,Faysal Goba,Yasein Mosed,Tawfiq al Adel,Saeed Khallad,",0.03679172027923393000
190,date,"9 April, 2003,April 2003,March of 2003,",person,"Abu al Masri,Abdul al Hada,",0.00873353828288434000
191,date,"14 April, 2003,1994,",person,"Clark Webster,Faysal Goba,Ziad al Shibh,",0.02639446728749082000
192,date,"10 April, 2003,13 April, 2003,",person,"Vincent Cortez,Arnaldo Gueterrez,Ben Hassine,Ahmed Yassin,Wallace Wilson,",0.00000000000000000000
193,date,"15 April, 2003,14 April, 2003,",person,"Jamal Kalifa,Abul Hassan Salman,",0.00227307873632953730
194,date,"24 April, 2003,23 April, 2003,",person,"Tawfiq al Adel,Saeed Khallad,Jelte Nijboer,al Ahdal,bin Attash,",0.00756794604872099500
195,date,"30 March, 2003,1 April, 2003,",person,"Omar Bakri Qatada,Qatada,Richard Reid,",0.00000000000000000000
196,date,"12 April, 2003,8 April, 2002,",person,"Masood Yaser,Muhammad Shamzi,Vincent Lozario,Khalfan Maulid,",0.00000000000000000000
197,date,"27 April, 2003,26 April, 2003,22 April, 2003,24 April, 2003,April 30,21 April, 2003,",phone,"703-659-2317,804-774-8920,",0.00376115656928801300
198,date,"22 April, 2003,24 April, 2003,April 30,21 April, 2003,",phone,"01 1207670734,703-659-2317,718-352-8479,804-759-6302,804-774-8920,",0.01819621756525752200
199,date,"30 March, 2003,10 April, 2003,6 April, 2003,",phone,"706-437-6673,713-556-9213,",0.01893027427265310200
200,date,"20 April, 2003,April 25, 2003,",phone,"718-352-8479,732-455-6392,",0.08608463696665810000
201,location,"Virginia,Springfield,",money,"$13,000,$35,000,",0.02538642746824155600
202,location,"Richmond,Virginia,Amsterdam,Paris,US,New Jersey,Afghanistan,Sudan,Germany,Hamburg,Capitol Ave.,United Arab Emirates,",organization,"FBI,CIA,",0.03686378800619376000
203,location,"New York City,Texas,Houston,Paris,El Paso,Hudspeth County,Rio Grande,McNary,McRae Blvd,O'Hare,Chicago,Illinois,Green Bay,Wisconsin,",organization,"FBI,American Airlines,",0.01357259781631305200
204,location,"Richmond,Virginia,Charlottesville,Texas,Houston,Washington,Paris,France,US,Afghanistan,Sudan,Capitol Ave.,2932 University Drive,United Arab Emirates,",organization,"FBI,INS,",0.02790219041044701400
205,location,"Richmond,Virginia,Paris,US,Afghanistan,Sudan,Capitol Ave.,United Arab Emirates,Guantanamo,",organization,"INS,CIA,",0.19941387964405344000
206,location,"Richmond,Virginia,Paris,US,Afghanistan,Sudan,Capitol Ave.,United Arab Emirates,",organization,"FBI,INS,CIA,",0.02897979493348253000
207,location,"The Netherlands,Richmond,Virginia,US,Afghanistan,Sudan,Germany,Hamburg,Capitol Ave.,United Arab Emirates,Haarlem,Europe,Guantanamo,Kandahar,",organization,"CIA,Al Qaeda,",0.01345466967716212600
208,location,"Richmond,Virginia,US,Afghanistan,Sudan,Germany,Hamburg,Capitol Ave.,United Arab Emirates,",organization,"FBI,CIA,Al Qaeda,",0.08670446336072830000
209,location,"Richmond,Virginia,US,Afghanistan,Sudan,Capitol Ave.,United Arab Emirates,Guantanamo,",organization,"INS,CIA,Al Qaeda,",0.01463533561840213300
210,location,"Richmond,Virginia,US,Afghanistan,Sudan,Capitol Ave.,United Arab Emirates,",organization,"FBI,INS,CIA,Al Qaeda,",0.06893585288124124000
211,location,"Virginia,Amsterdam,US,Germany,Hamburg,Springfield,Egypt,Dulles Airport,Washington DC,Cairo,Wash. DC,Floyd Ave.,",organization,"FBI,Passport Agency,",0.02768537352502474000
212,location,"Virginia,Amsterdam,US,Germany,Hamburg,",organization,"FBI,Passport Agency,CIA,",0.19802104731366935000
213,location,"Virginia,US,Germany,Hamburg,",organization,"FBI,Passport Agency,CIA,Al Qaeda,",0.03331524174700168500
214,location,"Virginia,US,",organization,"FBI,INS,Passport Agency,CIA,Al Qaeda,",0.03332601758263884000
215,location,"US,Los Angeles,Culver City,California,San Gabriel,Greenlawn Ave.,Imperial Highway,City Park,El Segundo,LAX,Sheldon St.,Hubbard St.,",organization,"FBI,Ryder Truck Rental,",0.02207974466890048500
216,location,"Richmond,Virginia,Charlottesville,Georgia,Texas,Houston,Capitol Ave.,2932 University Drive,",organization,"Sprint,FBI,",0.11965972415680750000
217,location,"Richmond,Virginia,Charlottesville,Texas,Houston,Capitol Ave.,2932 University Drive,",organization,"Sprint,FBI,INS,",0.01315862119095005100
218,location,"Richmond,Virginia,Capitol Ave.,",organization,"Sprint,FBI,INS,CIA,Al Qaeda,",0.10558361888179599000
219,location,"US,New Jersey,Afghanistan,Germany,Hamburg,Bremerhaven,Trenton Avenue,Trenton,Rhinelander Platz.,",organization,"CIA,Taliban,Marvel Corporation,German Intelligence,",0.02611828439913717700
220,location,"US,New Jersey,Afghanistan,Germany,Hamburg,",organization,"FBI,CIA,Taliban,Marvel Corporation,German Intelligence,",0.02000210229859272800
221,location,"US,Afghanistan,Germany,Hamburg,",organization,"FBI,CIA,Al Qaeda,Taliban,Marvel Corporation,German Intelligence,",0.01073825936340441200
222,location,"US,Afghanistan,",organization,"FBI,INS,CIA,Al Qaeda,Taliban,Marvel Corporation,German Intelligence,",0.01643302645608442700
223,location,"US,Germany,Hamburg,",organization,"FBI,Passport Agency,CIA,Al Qaeda,Taliban,Marvel Corporation,German Intelligence,",0.01013624158059909200
224,location,"Texas,Houston,El Paso,Hudspeth County,Rio Grande,McNary,McRae Blvd,",organization,"FBI,American Airlines,Border Patrol,University of Texas,",0.01830871951919811300
225,location,"Richmond,Virginia,Charlottesville,Keswick,University Drive,",organization,"FBI,Budget Storage Units,",0.01026555014894191800
226,location,"Richmond,Virginia,Charlottesville,",organization,"Sprint,FBI,INS,Budget Storage Units,",0.17088766756414230000
227,location,"Richmond,Virginia,",organization,"Sprint,FBI,INS,Budget Storage Units,CIA,Al Qaeda,",0.00819278753762672800
228,location,"Queens,New York City,Myrtle Ave,Manhattan,Webster Ave.,Bronx,New York,",organization,"FBI,Empire State Vending Services,New York Stock Exchange,City Computer Services Corp.,Clark & Co,Office Supplies Co.,",0.00910821008758061100
229,location,"Virginia,Charlottesville,Georgia,Los Angeles,Atlanta,New Orleans,",organization,"FBI,AMTRAK,Penn Station NYC,",0.01491336579258602800
230,location,"Virginia,Charlottesville,Georgia,",organization,"Sprint,FBI,AMTRAK,Penn Station NYC,",0.00506233237271633800
231,location,"New York City,O'Hare,Chicago,Illinois,Green Bay,Wisconsin,",organization,"FBI,American Airlines,United Connector,United,",0.04745799465279896400
232,location,"Virginia,Charlottesville,North Bergen,New Jersey,Springfield,Springfield VA,",organization,"FBI,First Union Bank,",0.05736433529686242600
233,location,"Virginia,New Jersey,",organization,"FBI,First Union Bank,CIA,",0.19027139637111737000
234,location,"Texas,Houston,Washington,Paris,France,",organization,"FBI,INS,Bush Intercontinental Airport,Continental Airlines,Reagan National Airport,",0.03891109715480371000
235,location,"Texas,Houston,Paris,",organization,"FBI,INS,Bush Intercontinental Airport,Continental Airlines,Reagan National Airport,American Airlines,",0.00774861209270448150
236,location,"Texas,Houston,",organization,"Sprint,FBI,INS,Bush Intercontinental Airport,Continental Airlines,Reagan National Airport,American Airlines,Border Patrol,University of Texas,",0.00780591305028962600
237,location,"Denver,Colorado,Camp George West Military Reservation,Coal Mine Road,Colfax Avenue,",organization,"FBI,U-haul,",0.06440106298228468000
238,location,"Virginia,Springfield,Egypt,United Arab Emirates,Springfield Mall,",organization,"FBI,Select Gourmet Foods,First Union National Bank,Pyramid Bank of Cairo,Central Bank of Dubai,",0.01899505691298584600
239,location,"Virginia,United Arab Emirates,",organization,"FBI,INS,Select Gourmet Foods,First Union National Bank,Pyramid Bank of Cairo,Central Bank of Dubai,CIA,Al Qaeda,",0.02389091176198029200
240,location,"Virginia,Springfield,Egypt,",organization,"FBI,Passport Agency,Select Gourmet Foods,First Union National Bank,Pyramid Bank of Cairo,Central Bank of Dubai,",0.03700443230481110000
241,location,"Amsterdam,Haarlem,Lublin,Poland,",organization,"CIA,Sealink Container Corp.,",0.00898515982212756700
242,location,"Paris,St. Mary 's Terrace,Paddington,London,",organization,"American Airlines,CIA,British Special Branch,M15,",0.07627228235581263000
243,location,"Washington,Seattle,Howell St.,Alder St,",organization,"FBI,US Post Office,",0.00126284875487897140
244,location,"Virginia,Charlottesville,2932 University Drive,",organization,"Sprint,FBI,INS,University of Virginia,",0.02122931018289497000
245,location,"Denver,Colorado,Camp George West Military Reservation,",organization,"FBI,Apex Paper Products Company,Aryan Nations,Army CID,U-haul,",0.00714416940418660900
246,location,"Virginia,Charlottesville,Springfield,",organization,"FBI,First Union Bank,Virginia National Bank,",0.17214011940119660000
247,location,"Virginia,Springfield,",organization,"FBI,Passport Agency,First Union Bank,Virginia National Bank,Select Gourmet Foods,First Union National Bank,Pyramid Bank of Cairo,Central Bank of Dubai,",0.23384669824093265000
248,location,"Virginia,Charlottesville,",organization,"Sprint,FBI,INS,Budget Storage Units,AMTRAK,Penn Station NYC,First Union Bank,Virginia National Bank,University of Virginia,",0.02083660071030559600
249,location,"Amsterdam,US,Boston,",organization,"FBI,Coast Guard,",0.01786968926139630500
250,location,"Amsterdam,US,",organization,"FBI,Coast Guard,Passport Agency,CIA,",0.02182702106406704200
251,location,"Detroit,Michigan,Van Dyke Avenue,",organization,"FBI,Beth Israel,",0.00732119702618552900
252,location,"Virginia,Lee Highway,Merrifield,",organization,"FBI,Pentagon,Home Depot,",0.01240804706461627400
253,location,"Virginia,Keswick,",organization,"FBI,The Powhatan Company,Budget Storage Units,",0.08577774458722988000
254,misc,"Holland Queen,Stinger,Pakistani,Indian,",location,"US,Afghanistan,",0.02581126069875855400
255,misc,"Social Security,CIA,French,Egyptian,British,",location,"Denver,Colorado,",0.00549406659384852600
256,misc,"CIA,French,Egyptian,British,",location,"Paris,Denver,Colorado,US,Coal Mine Road,Marshall Avenue,Minneapolis,Minnesota,Laurel Avenue,Bowling Green,Kentucky,Rue St. Sebastien,",0.06638042889124786000
257,misc,"Arabic,Dutch,Mexicans,Spanish,",location,"Texas,Houston,",0.09587780679099245000
258,misc,"Saudi,Holland Queen,",location,"Amsterdam,Afghanistan,",0.02939455563451537700
259,misc,"Dutch,Holland Queen,",location,"The Netherlands,Amsterdam,",0.00616320479938399900
260,misc,"C-4,1070173749003,",location,"Virginia,North Bergen,New Jersey,",0.00050515628321029260
261,misc,"Mexicans,Spanish,",location,"Texas,Houston,El Paso,Hudspeth County,Rio Grande,McNary,McRae Blvd,",0.00000000000000000000
262,misc,"Holland Queen,Yemeni,",location,"The Netherlands,Afghanistan,Kandahar,",0.05340934152547364000
263,misc,"Dutch,Stinger,",location,"Germany,Hamburg,",0.04352840002140652400
264,misc,"Saudi,Canadian,",location,"New York City,Canada,Afghanistan,Sudan,",0.03791870310159230000
265,misc,"Dutch,Saudi,",location,"Amsterdam,Haarlem,Lublin,Poland,",0.01013471521586113500
266,misc,"Moslem,Pentaerythritol,",location,"Paris,St. Mary 's Terrace,Paddington,London,Miami,",0.03114889237912845200
267,misc,"Dutch,Saudi,Holland Queen,",organization,"FBI,CIA,",0.07737573673791795000
268,misc,"Stinger,Pakistani,Indian,",organization,"CIA,Taliban,",0.03734675917990041000
269,misc,"Dutch,Holland Queen,Yemeni,",organization,"CIA,Al Qaeda,",0.00906191234676093800
270,misc,"Dutch,Holland Queen,",organization,"FBI,CIA,Al Qaeda,",0.25388797548215053000
271,misc,"Dutch,Saudi,",organization,"FBI,CIA,Sealink Container Corp.,",0.09265356921676550000
272,misc,"Moslem,Pentaerythritol,",organization,"American Airlines,CIA,British Special Branch,M15,",0.00646643544450975000
273,misc,"Mexicans,Spanish,",organization,"FBI,American Airlines,Border Patrol,University of Texas,",0.00181169333980584100
274,misc,"Dutch,Saudi,cesium 137,",person,"Tawfiq al Adel,Saeed Khallad,",0.01324222232233118600
275,misc,"CIA,French,Egyptian,British,",person,"Masood Yaser,Muhammad Shamzi,Vincent Lozario,Khalfan Maulid,",0.00241297495538933450
276,misc,"Mexicans,Spanish,",person,"Vincent Cortez,Arnaldo Gueterrez,Ben Hassine,Ahmed Yassin,",0.00000000000000000000
277,misc,"Saudi,Canadian,",person,"Mark Davis,Hamid Alwan,Alwan,",0.00294493825834230660
278,misc,"Dutch,cesium 137,",person,"Tawfiq al Adel,Saeed Khallad,Riduan bin Attash,Saleh al Ahdal,",0.02510945806945854000
279,misc,"Dutch,Saudi,",person,"Tawfiq al Adel,Saeed Khallad,Jelte Nijboer,al Ahdal,bin Attash,",0.03010692904239744000
280,misc,"Holland Queen,Yemeni,",person,"Hans Pakes,Abu al Masri,",0.02635671854554204300
281,misc,"Pakistani,Indian,",person,"Bagwant Dhaliwal,Abdul Ramazi,Sahim Albakri,Muhammed bin Harazi,",0.00801342241302065700
282,misc,"Moslem,Pentaerythritol,",person,"Omar Bakri Qatada,Qatada,Richard Reid,",0.00000000000000000000
283,organization,"FBI,First Union Bank,",money,"$13,000,$8500,",0.14136345740806840000
284,person,"Hans Pakes,Bagwant Dhaliwal,Clark Webster,Abdul Ramazi,Faysal Goba,Ziad al Shibh,",location,"Virginia,Afghanistan,",0.05702049350705757500
285,person,"Hans Pakes,Bagwant Dhaliwal,Clark Webster,Mark Davis,Hamid Alwan,Alwan,",location,"New York City,Afghanistan,",0.03822814578745605000
286,person,"Bagwant Dhaliwal,Clark Webster,Abdul Ramazi,Faysal Goba,Ziad al Shibh,Sahim Albakri,Muhammed bin Harazi,",location,"US,Afghanistan,",0.20818484175880378000
287,person,"Bagwant Dhaliwal,Clark Webster,Abdul Ramazi,Faysal Goba,Ziad al Shibh,",location,"Virginia,US,Afghanistan,",0.63168116975656840000
288,person,"Hans Pakes,Bagwant Dhaliwal,Clark Webster,Mukhtar Galab,Abdulla Ramzi,Abdul Ramazi,Faysal Goba,Yasein Mosed,",location,"Virginia,Charlottesville,",0.01386286849840872400
289,person,"Hans Pakes,Bagwant Dhaliwal,Clark Webster,Abdul Ramazi,Faysal Goba,",location,"Virginia,Charlottesville,Afghanistan,",0.06891406932529483000
290,person,"Bagwant Dhaliwal,Clark Webster,Abdul Ramazi,Faysal Goba,",location,"Virginia,Charlottesville,US,Afghanistan,",0.02891997433482680600
291,person,"Hans Pakes,Bagwant Dhaliwal,Clark Webster,Mukhtar Galab,Abdul Ramazi,",location,"Virginia,Amsterdam,Charlottesville,",0.07772203133387483000
292,person,"Hans Pakes,Bagwant Dhaliwal,Clark Webster,Abdul Ramazi,",location,"Virginia,Amsterdam,Charlottesville,Afghanistan,",0.03089498073715488500
293,person,"Bagwant Dhaliwal,Clark Webster,Abdul Ramazi,",location,"Virginia,Amsterdam,Charlottesville,US,Afghanistan,",0.04754478603020772000
294,person,"Hans Pakes,Bagwant Dhaliwal,Clark Webster,Mukhtar Galab,Abdulla Ramzi,Faysal Goba,Ziad al Shibh,",location,"Richmond,Virginia,",0.14896078767750906000
295,person,"Hans Pakes,Bagwant Dhaliwal,Clark Webster,Faysal Goba,Ziad al Shibh,",location,"Richmond,Virginia,Afghanistan,",0.20372745421169397000
296,person,"Bagwant Dhaliwal,Clark Webster,Faysal Goba,Ziad al Shibh,",location,"Richmond,Virginia,US,Afghanistan,",0.20825945137304320000
297,person,"Hans Pakes,Bagwant Dhaliwal,Clark Webster,Mukhtar Galab,Abdulla Ramzi,Faysal Goba,",location,"Richmond,Virginia,Charlottesville,",0.03353413242358978000
298,person,"Hans Pakes,Bagwant Dhaliwal,Clark Webster,Faysal Goba,",location,"Richmond,Virginia,Charlottesville,Afghanistan,",0.09039893826914629000
299,person,"Bagwant Dhaliwal,Clark Webster,Faysal Goba,",location,"Richmond,Virginia,Charlottesville,US,Afghanistan,",0.13322167240651630000
300,person,"Hans Pakes,Bagwant Dhaliwal,Clark Webster,Mukhtar Galab,Hani al Hallak,Mark Davis,Shiela Watson,Steven Clark,",location,"Queens,New York City,",0.02075055830240261000
301,person,"Hans Pakes,Bagwant Dhaliwal,Clark Webster,Mark Davis,",location,"Queens,New York City,Afghanistan,",0.01952861086116461000
302,person,"Jamal Kalifa,Ralph Goode,Abul Hassan Salman,Vincent Cortez,Arnaldo Gueterrez,Ben Hassine,Ahmed Yassin,",location,"Texas,Houston,",0.00209166494073535900
303,person,"Hans Pakes,Bagwant Dhaliwal,Clark Webster,Abu al Masri,",location,"The Netherlands,Afghanistan,",0.06613823593005966000
304,person,"Hans Pakes,Bagwant Dhaliwal,Clark Webster,Mukhtar Galab,Tawfiq al Adel,",location,"The Netherlands,Amsterdam,",0.03921983341696244000
305,person,"Hans Pakes,Bagwant Dhaliwal,Clark Webster,Mukhtar Galab,",location,"The Netherlands,Richmond,Virginia,Amsterdam,Queens,New York City,Charlottesville,",0.04565691349170617600
306,person,"Hans Pakes,Bagwant Dhaliwal,Clark Webster,",location,"The Netherlands,Richmond,Virginia,Amsterdam,Queens,New York City,Charlottesville,Afghanistan,",0.03397007805029754000
307,person,"Bagwant Dhaliwal,Clark Webster,",location,"The Netherlands,Richmond,Virginia,Amsterdam,Queens,New York City,Charlottesville,US,Afghanistan,",0.01775928515173192200
308,person,"Clark Webster,Mark Davis,Hamid Alwan,Alwan,Faysal Goba,Ziad al Shibh,",location,"Afghanistan,Sudan,",0.01760311665141728300
309,person,"Clark Webster,Mark Davis,Hamid Alwan,Alwan,",location,"New York City,Afghanistan,Sudan,",0.01242059572184296500
310,person,"Clark Webster,Mark Davis,",location,"Queens,New York City,Afghanistan,Sudan,",0.15594559293093474000
311,person,"Wallace Wilson,Masood Yaser,Muhammad Shamzi,Vincent Lozario,Khalfan Maulid,",location,"Denver,Colorado,",0.00950416417063041300
312,person,"Bagwant Dhaliwal,Hani al Hallak,Mark Davis,Shiela Watson,Steven Clark,",location,"Queens,New York City,Myrtle Ave,",0.00461535283916052200
313,person,"Clark Webster,Faysal Goba,Ziad al Shibh,Abu al Masri,",location,"Afghanistan,Guantanamo,",0.04215407246209872000
314,person,"Clark Webster,Abu al Masri,",location,"The Netherlands,Afghanistan,Guantanamo,",0.07849253998221357000
315,person,"Tawfiq al Adel,Saeed Khallad,Jelte Nijboer,al Ahdal,bin Attash,",location,"Amsterdam,Haarlem,Lublin,Poland,",0.02294310594592094800
316,person,"Vincent Cortez,Arnaldo Gueterrez,Ben Hassine,Ahmed Yassin,",location,"Texas,Houston,El Paso,Hudspeth County,Rio Grande,McNary,McRae Blvd,",0.00000000000000000000
317,person,"Karm Bensaid,Faysal Goba,",location,"US,Los Angeles,",0.00918341967205494800
318,person,"Hani al Hallak,Mark Davis,Hamid Alwan,Alwan,",location,"New York City,Canada,",0.09794033581851556000
319,person,"Mark Davis,Hamid Alwan,Alwan,",location,"New York City,Canada,Afghanistan,Sudan,",0.01851260975832224800
320,person,"Hani al Hallak,Mark Davis,",location,"Queens,New York City,Myrtle Ave,Canada,",0.00119977927104182160
321,person,"Clark Webster,Abdul Ramazi,Faysal Goba,Ziad al Shibh,",location,"Virginia,US,Afghanistan,United Arab Emirates,",1.00000000000000000000
322,person,"Clark Webster,Abdul Ramazi,Faysal Goba,",location,"Virginia,Charlottesville,US,Afghanistan,United Arab Emirates,",0.20298518556086168000
323,person,"Clark Webster,Abdul Ramazi,",location,"Virginia,Amsterdam,Charlottesville,US,Afghanistan,United Arab Emirates,",0.20337846132675830000
324,person,"Bagwant Dhaliwal,Mark Davis,Shiela Watson,Steven Clark,",location,"Queens,New York City,Myrtle Ave,Manhattan,",0.01414788774699975500
325,person,"Bagwant Dhaliwal,Mark Davis,",location,"Queens,New York City,Myrtle Ave,Afghanistan,Manhattan,",0.04349045311876940000
326,person,"Clark Webster,Faysal Goba,Ziad al Shibh,",location,"Richmond,Virginia,US,Afghanistan,Sudan,Capitol Ave.,United Arab Emirates,Guantanamo,",0.01003202871400108800
327,person,"Clark Webster,Faysal Goba,",location,"Richmond,Virginia,Charlottesville,US,Afghanistan,Sudan,Capitol Ave.,United Arab Emirates,Guantanamo,",0.00892352661516106600
328,person,"Masood Yaser,Muhammad Shamzi,Vincent Lozario,Khalfan Maulid,",location,"Paris,Denver,Colorado,US,Coal Mine Road,Marshall Avenue,Minneapolis,Minnesota,Laurel Avenue,Bowling Green,Kentucky,Rue St. Sebastien,",0.01670214668456771000
329,person,"Mukhtar Galab,Abdul Ramazi,",location,"Virginia,Amsterdam,Charlottesville,Springfield,",0.01279909840770697200
330,person,"Mark Davis,Shiela Watson,Steven Clark,",location,"Queens,New York City,Myrtle Ave,Manhattan,Webster Ave.,Bronx,New York,",0.00109936855102244000
331,person,"Abdul Ramazi,Tawfiq al Adel,Saeed Khaliad,",location,"Germany,Hamburg,",0.02408117289431127000
332,person,"Abdul Ramazi,Tawfiq al Adel,",location,"Amsterdam,Germany,Hamburg,",0.16747311741841810000
333,person,"Mukhtar Galab,Faysal Goba,Yasein Mosed,",location,"Virginia,Charlottesville,Georgia,Los Angeles,Atlanta,New Orleans,",0.17912568806464710000
334,person,"Mukhtar Galab,Faysal Goba,",location,"Richmond,Virginia,Charlottesville,Georgia,Los Angeles,Atlanta,New Orleans,",0.01700232575078876000
335,person,"Jamal Kalifa,Ralph Goode,",location,"Georgia,Texas,Houston,Columbus,Little York Rd.,St. Mary's Road,",0.14614531390015872000
336,person,"Jamal Kalifa,Abul Hassan Salman,",location,"Texas,Houston,Washington,Paris,France,",0.00239541818595686100
337,person,"Wallace Wilson,Masood Yaser,",location,"Denver,Colorado,Camp George West Military Reservation,",0.00000000000000000000
338,person,"Carl Louis,Abdelhak Kherbane,",location,"Detroit,Michigan,Van Dyke Avenue,",0.00000000000000000000
339,person,"Hani al Hallak,Abdul Ramazi,",location,"North Bergen,New Jersey,Springfield VA,",0.02039088618154413000
340,person,"Omar Clark,Joseph Nizar,",location,"New York City,O'Hare,Chicago,Illinois,Green Bay,Wisconsin,",0.00002600596628715398
341,person,"Mukhtar Galab,Yasein Mosed,",location,"Virginia,Charlottesville,Georgia,Los Angeles,Atlanta,New Orleans,2932 University Drive,",0.01434133841138486600
342,person,"Tawfiq al Adel,Saeed Khaliad,",location,"The Netherlands,Germany,Hamburg,Haarlem,Europe,",0.02718762787671740600
343,person,"Abu al Masri,Abdul al Hada,",location,"Guantanamo,Cuba,",0.00000000000000000000
344,person,"Hans Pakes,Abu al Masri,",location,"The Netherlands,Afghanistan,Kandahar,",0.07929875531177816000
345,person,"Omar Bakri Qatada,Qatada,",location,"Paris,St. Mary 's Terrace,Paddington,London,Miami,",0.02475558960607828600
346,person,"Bagwant Dhaliwal,Abdul Ramazi,Faysal Goba,",organization,"FBI,CIA,",0.13414344378423668000
347,person,"Vincent Cortez,Arnaldo Gueterrez,Ben Hassine,Ahmed Yassin,Omar Clark,Joseph Nizar,",organization,"FBI,American Airlines,",0.01292728262293228700
348,person,"Mukhtar Galab,Jamal Kalifa,Abul Hassan Salman,Faysal Goba,Yasein Mosed,",organization,"FBI,INS,",0.06979915871929004000
349,person,"Hans Pakes,Clark Webster,Faysal Goba,Tawfiq al Adel,Saeed Khaliad,Ziad al Shibh,Abu al Masri,",organization,"CIA,Al Qaeda,",0.08296827691186943000
350,person,"Clark Webster,Faysal Goba,Ziad al Shibh,",organization,"INS,CIA,Al Qaeda,",0.21864615894917575000
351,person,"Tawfiq al Adel,Saeed Khallad,Jelte Nijboer,al Ahdal,bin Attash,",organization,"CIA,Sealink Container Corp.,",0.00575738512743026700
352,person,"Mukhtar Galab,Jamal Kalifa,Faysal Goba,Yasein Mosed,",organization,"Sprint,FBI,INS,",0.06535752501308988000
353,person,"Bagwant Dhaliwal,Mark Davis,Shiela Watson,Steven Clark,",organization,"FBI,Empire State Vending Services,",0.13761088491539694000
354,person,"Bagwant Dhaliwal,Abdul Ramazi,Sahim Albakri,Muhammed bin Harazi,",organization,"CIA,Taliban,",0.02457995745788241200
355,person,"Bagwant Dhaliwal,Abdul Ramazi,",organization,"FBI,CIA,Taliban,",0.06893265539323977000
356,person,"Vincent Cortez,Arnaldo Gueterrez,Ben Hassine,Ahmed Yassin,",organization,"FBI,American Airlines,Border Patrol,University of Texas,",0.00181169333980584100
357,person,"Mukhtar Galab,Hani al Hallak,Abdul Ramazi,",organization,"FBI,First Union Bank,",0.03579511525884970000
358,person,"Mukhtar Galab,Faysal Goba,Yasein Mosed,",organization,"Sprint,FBI,INS,AMTRAK,Penn Station NYC,",0.02299617496811442300
359,person,"Mark Davis,Shiela Watson,Steven Clark,",organization,"FBI,Empire State Vending Services,New York Stock Exchange,City Computer Services Corp.,Clark & Co,Office Supplies Co.,",0.04985543498153715000
360,person,"Jamal Kalifa,Abul Hassan Salman,",organization,"FBI,INS,Bush Intercontinental Airport,Continental Airlines,Reagan National Airport,",0.00035556455122378564
361,person,"Carl Louis,Abdelhak Kherbane,",organization,"FBI,Beth Israel,",0.00006609476606341856
362,person,"Mukhtar Galab,Abdul Ramazi,",organization,"FBI,First Union Bank,Virginia National Bank,",0.01645860347687635300
363,person,"Omar Clark,Joseph Nizar,",organization,"FBI,American Airlines,United Connector,United,",0.00154027941854853000
364,person,"Mukhtar Galab,Yasein Mosed,",organization,"Sprint,FBI,INS,AMTRAK,Penn Station NYC,University of Virginia,",0.00372095106996000670
365,person,"Omar Bakri Qatada,Qatada,",organization,"American Airlines,CIA,British Special Branch,M15,",0.00147941174645300350
366,phone,"01 1207670734,703-659-2317,718-352-8479,732-455-6392,804-759-6302,804-774-8920,",location,"Queens,New York City,",0.00791691948515115000
367,phone,"01 1207670734,703-659-2317,703-734-0104,718-352-8479,804-759-6302,804-774-8920,",location,"Virginia,Amsterdam,",0.04878208333352552000
368,phone,"01 1207670734,703-659-2317,718-352-8479,804-759-6302,804-774-8920,",location,"The Netherlands,Richmond,Virginia,Amsterdam,Queens,New York City,Charlottesville,",0.03077764366564551800
369,phone,"804-759-6302,703-734-0104,",location,"Virginia,Amsterdam,US,",0.00640749835417659100
370,phone,"703-659-2317,804-759-6302,",location,"The Netherlands,Richmond,Virginia,Amsterdam,Queens,New York City,Charlottesville,United Arab Emirates,",0.02322640938130393600
371,phone,"718-352-8479,732-455-6392,",location,"Queens,New York City,Myrtle Ave,North Bergen,",0.00091553306470244100
372,phone,"703-659-2317,703-734-0104,",location,"Virginia,Amsterdam,Springfield,Egypt,",0.01417427207904720000
373,phone,"706-437-6673,713-556-9213,",location,"Georgia,Texas,Houston,Columbus,Little York Rd.,St. Mary's Road,",0.00304682777967240500
374,phone,"804-774-8920,804-759-6302,",organization,"Sprint,FBI,INS,",0.03781350408889263000
375,phone,"01 1207670734,703-659-2317,718-352-8479,804-759-6302,804-774-8920,",person,"Hans Pakes,Bagwant Dhaliwal,Clark Webster,Mukhtar Galab,",0.03916540204249439000
376,phone,"706-437-6673,713-556-9213,",person,"Jamal Kalifa,Ralph Goode,",0.02116232065684638500
